,index,Rank,Store ID,Total Visits,lat,lng,Store,Address,Place_ID,City,County,State,zipcode,GEOID,TRACT,StateID,CountyID,TractPopulation,TractMedianIncome
0,0,1,73.0,757204,34.82570805299427,-87.62562726700143,T.J. Maxx ," 187 Cox Creek Pkwy, Florence, AL, United States",207765010.0,Florence,Lauderdale County,Alabama,35630,01077010800,010800,01,077,3412.0,39280.0
1,1,2,27.0,710596,31.24601359943548,-85.42477500023256,T.J. Maxx ," 3500 Ross Clark Cir, Dothan, AL, United States",95180820.0,Dothan,Houston County,Alabama,36303,01069040400,040400,01,069,2450.0,82188.0
2,2,3,242.0,676723,33.393350526096945,-86.80787109397006,T.J. Maxx ," 1646 Montgomery Hwy, Hoover, AL, United States",68977201.0,Hoover,Jefferson County,Alabama,35216,01073014409,014409,01,073,2988.0,93792.0
3,3,4,662.0,672003,32.61772288497451,-85.40596121325821,T.J. Maxx ," 2185 Tigertown Parkway, Opelika, AL, United States",283362658.0,Opelika,Lee County,Alabama,36801,01081041101,041101,01,081,2106.0,-666666666.0
4,4,5,465.0,595703,34.012668013292185,-85.98970988011278,T.J. Maxx ," 316 E Meighan Blvd, Gadsden, AL, United States",130989526.0,Gadsden,Etowah County,Alabama,35903,01055001300,001300,01,055,2967.0,25764.0
5,5,6,649.0,585935,33.184973784566424,-87.5280099573038,T.J. Maxx ," McFarland Boulevard East, Tuscaloosa, Alabama, United States",18734162.0,Tuscaloosa,Tuscaloosa County,Alabama,35405,01125011901,011901,01,125,3199.0,64720.0
6,6,7,1446.0,550241,34.27934442279185,-86.2067390242885,T.J. Maxx ," 832 Christopher Circle, Albertville, Alabama, United States",97401171.0,Albertville,Marshall County,Alabama,35951,01095030801,030801,01,095,4864.0,71974.0
7,7,8,1079.0,548695,32.457111442732305,-86.39684840085333,T.J. Maxx ," 2748 Legends Pkwy, Prattville, AL, United States",81331481.0,Prattville,Elmore County,Alabama,36066,01051031300,031300,01,051,5166.0,61188.0
8,8,9,45.0,531727,33.60483554794841,-86.6382867074129,T.J. Maxx ," 1648 Gadsden Hwy, Birmingham, AL, United States",152875394.0,Trussville,Jefferson County,Alabama,35235,01073011108,011108,01,073,4979.0,92359.0
9,9,10,1045.0,531480,33.60837815106377,-85.7832054775291,T.J. Maxx ," 300 Oxford Exchange Blvd, Oxford, AL, United States",283342525.0,Oxford,Calhoun County,Alabama,36207,01015001101,001101,01,015,2088.0,79412.0
10,10,11,1074.0,524758,33.22367944202284,-86.80391793548623,T.J. Maxx ," 320 S Colonial Dr, Alabaster, AL, United States",92626044.0,Alabaster,Shelby County,Alabama,35007,01117030616,030616,01,117,2658.0,100271.0
11,11,12,1149.0,522109,34.15084311015542,-86.83897820641491,T.J. Maxx ," 1908 Marktplatz Center, SW, Cullman, AL, United States",61832862.0,Cullman,Cullman County,Alabama,35055,01043965002,965002,01,043,4404.0,57308.0
12,12,13,705.0,520098,34.68981044484553,-86.57808509244359,T.J. Maxx ," 975 Airport Rd SW Ste 22A, Huntsville, AL, United States",9481482.0,Huntsville,Madison County,Alabama,32802,01089002600,002600,01,089,3896.0,107500.0
13,13,14,243.0,510554,32.345088057140664,-86.2213889473464,T.J. Maxx ," 2751 Eastern Blvd, Montgomery, AL, United States",339424144.0,Montgomery,Montgomery County,Alabama,36123,01101005410,005410,01,101,3372.0,46875.0
14,14,15,209.0,489876,33.64939863433884,-86.82363600349656,T.J. Maxx ," 655 Fieldstown Rd S150, Gardendale, AL, United States",253451609.0,Gardendale,Jefferson County,Alabama,35071,01073011707,011707,01,073,3352.0,59773.0
15,15,16,279.0,485713,34.75703116878356,-86.73690152281834,T.J. Maxx ," 7696 Hwy 72 W NW, Madison, AL, United States",100114538.0,Madison,Madison County,Alabama,35758,01089010612,010612,01,089,6071.0,92520.0
16,16,17,817.0,471157,30.652834466948896,-87.90662752743748,T.J. Maxx ," 6850 US Highway 90, Daphne, AL, United States",184037865.0,Daphne,Baldwin County,Alabama,36527,01003010704,010704,01,003,6106.0,86456.0
17,17,18,1396.0,469954,31.317939602030204,-85.82869189487894,T.J. Maxx ," 616 Boll Weevil Circle, Enterprise, AL, United States",153561494.0,Enterprise,Coffee County,Alabama,36330,01031011206,011206,01,031,4378.0,61310.0
18,18,19,1166.0,458653,30.37584143975037,-87.67847688695922,T.J. Maxx ," 2601 South McKenzie St., Foley, AL, United States",17015168.0,Foley,Baldwin County,Alabama,36535,01003011503,011503,01,003,8151.0,57136.0
19,19,20,1366.0,456588,33.84977071937222,-87.26907565831557,T.J. Maxx ," 606 Highway 78 E, Jasper, AL, United States",216659142.0,Jasper,Walker County,Alabama,35501,01127020302,020302,01,127,3163.0,81500.0
20,20,21,466.0,422139,33.42185130073842,-86.69223753176225,T.J. Maxx ," Cahaba Beach Road, Hoover, Alabama, United States",44835381.0,Hoover,Shelby County,Alabama,35242,01117030221,030221,01,117,5247.0,113409.0
21,21,22,267.0,365909,30.677422413554662,-88.14683993418598,T.J. Maxx ," 3940 Airport Blvd, Mobile, AL, United States",186142326.0,Mobile,Mobile County,Alabama,36608,01097003301,003301,01,097,2414.0,61598.0
22,22,23,1595.0,347167,31.777844789952287,-85.94527289712038,T.J. Maxx ," 1307 US Hwy 231, Troy, AL, United States",290926623.0,Troy,Pike County,Alabama,36082,01109189002,189002,01,109,717.0,133958.0
23,23,24,1471.0,314216,33.33548413803512,-86.99132474756057,T.J. Maxx ," 4917 Promenade Pkwy, Bessemer, AL, United States",261824727.0,Pleasant Hill,Jefferson County,Alabama,35022,01073014105,014105,01,073,4854.0,76250.0
24,24,25,1524.0,296829,33.173961364931536,-86.28282352858791,T.J. Maxx ," 145 Mcs Blvd, Sylacauga, AL, United States",76929093.0,Sylacauga,Talladega County,Alabama,35150,01121011900,011900,01,121,2764.0,74552.0
25,0,1,415.0,403453,33.42006285576373,-86.68573381245585,HomeGoods ," 5215 US-280, Birmingham, AL, United States",101683807.0,Birmingham,Shelby County,Alabama,35242,01117030221,030221,01,117,5247.0,113409.0
26,1,2,231.0,396697,33.392838805674025,-86.80789859906172,HomeGoods ," 1660 Montgomery Hwy, Hoover, AL, United States",68659392.0,Hoover,Jefferson County,Alabama,35226,01073014409,014409,01,073,2988.0,93792.0
27,2,3,1034.0,393842,33.18501388378312,-87.52761229333538,HomeGoods ," 2600 McFarland Blvd E, Tuscaloosa, AL, United States",179568007.0,Tuscaloosa,Tuscaloosa County,Alabama,35487,01125011901,011901,01,125,3199.0,64720.0
28,3,4,853.0,368202,31.22710584253338,-85.43081099031284,HomeGoods ," 3080 Ross Clark Circle, Dothan, AL, United States",97668651.0,Dothan,Houston County,Alabama,36303,01069040500,040500,01,069,3612.0,68214.0
29,4,5,688.0,319823,30.65240475031273,-88.11551895496542,HomeGoods ," 1310 Tingle Circle East, Suite F, Mobile, AL, United States",203915184.0,Mobile,Mobile County,Alabama,36606,01097002100,002100,01,097,4249.0,33348.0
30,5,6,761.0,266300,33.610038182743416,-86.62374801965466,HomeGoods ," 5479 Patrick Way, Birmingham, AL, United States",74421050.0,Trussville,Jefferson County,Alabama,35235,01073011108,011108,01,073,4979.0,92359.0
31,6,7,568.0,200023,34.741819029282695,-86.6647559752474,HomeGoods ," 5850 University Drive NW, Suite A, Huntsville, AL, United States",5824248.0,Huntsville,Madison County,Alabama,35806,01089010627,010627,01,089,4346.0,96233.0
32,0,1,422.0,579489,34.67480734953872,-86.54572529817811,Marshalls ," 2750 Carl T Jones Dr SE, Huntsville, AL, United States",5867702.0,Huntsville,Madison County,Alabama,35802,01089001902,001902,01,089,1776.0,178500.0
33,1,2,1446.0,560818,30.377885226648846,-87.68632428391597,Marshalls ," South Pine Street, Foley, Alabama, United States",101466848.0,Foley,Baldwin County,Alabama,36535,01003011503,011503,01,003,8151.0,57136.0
34,2,3,1355.0,459410,32.359684895364175,-86.15858660713872,Marshalls ," 7680 Eastchase Pkwy, Montgomery, AL, United States",101894583.0,Montgomery,Montgomery County,Alabama,36117,01101005412,005412,01,101,5051.0,112335.0
35,3,4,316.0,418587,30.67761060795671,-88.12260761553469,Marshalls ," 3250 Airport Blvd., Mobile, AL, United States",190708376.0,Mobile,Mobile County,Alabama,36606,01097002800,002800,01,097,4116.0,48339.0
36,4,5,1227.0,395458,33.3610577101203,-86.85386632946616,Marshalls ," Grove Boulevard, Hoover, Alabama, United States",80206973.0,Hoover,Jefferson County,Alabama,35244,01073014414,014414,01,073,5671.0,138822.0
37,5,6,767.0,330430,33.63910487518406,-86.627715013914,Marshalls ," Trussville Crossings Pkwy, Trussville, Alabama, United States",153228662.0,Trussville,Jefferson County,Alabama,35235,01073011113,011113,01,073,3513.0,66060.0
38,6,7,809.0,266024,34.75430438214884,-86.74775760926401,Marshalls ," 7950 Highway 72 W Ste 7, Madison, AL, United States",53329239.0,Madison,Madison County,Alabama,35758,01089010612,010612,01,089,6071.0,92520.0
0,0,1,1086.0,788124,35.860713262107566,-83.56838570364859,T.J. Maxx,"617 Parkway, Sevierville, TN, United States",338420139.0,Sevierville,Sevier County,Tennessee,37862,47155080500,080500,47,155,5335.0,44792.0
1,1,2,1038.0,749091,36.16725845472946,-86.50742595425616,T.J. Maxx,"103 S Mount Juliet Rd Ste 610, Mount Juliet, TN, United States",287838412.0,Mount Juliet,Wilson County,Tennessee,37122,47189030908,030908,47,189,7813.0,103765.0
2,2,3,249.0,745427,35.92612101878111,-84.05038172263582,T.J. Maxx,"Knoxville, TN, United States",269230937.0,Knoxville,Knox County,Tennessee,37919,47093004403,004403,47,093,5261.0,96941.0
3,3,4,760.0,660811,36.15764193937279,-85.51977023562071,T.J. Maxx,"377 W Jackson St, Cookeville, TN, United States",217586414.0,Cookeville,Putnam County,Tennessee,38503,47141000700,000700,47,141,3385.0,47600.0
4,4,5,,640877,35.20680553734893,-84.85005376066556,T.J. Maxx,"300 Paul Huff Pkwy, Cleveland, TN, United States",228563417.0,Cleveland,Bradley County,Tennessee,37312,47011010100,010100,47,011,5475.0,63947.0
5,5,6,108.0,570941,35.68535549065127,-88.85815345945451,T.J. Maxx,"127 Stonebrook Pl, Jackson, TN, United States",81498664.0,Jackson,Madison County,Tennessee,38305,47113001605,001605,47,113,3297.0,54583.0
6,6,7,1427.0,564026,36.00897711008526,-84.25540392294126,T.J. Maxx,"367 S Illinois Ave, Oak Ridge, TN, United States",229036853.0,Oak Ridge,Anderson County,Tennessee,37830,47001020100,020100,47,001,3199.0,53080.0
7,7,8,579.0,561342,35.84369358608244,-86.42686425917125,T.J. Maxx,"1911 Old Fort Pkwy, Murfreesboro, TN, United States",36245370.0,Murfreesboro,Rutherford County,Tennessee,37129,47149041800,041800,47,149,4895.0,48438.0
8,8,9,809.0,556232,35.948438449097814,-86.82378745429787,T.J. Maxx,"545  Cool Springs Blvd, Franklin, TN, United States",87159316.0,Franklin,Williamson County,Tennessee,37607,47187050307,050307,47,187,3854.0,88966.0
9,9,10,156.0,545687,36.342528319501646,-82.37427924647149,T.J. Maxx,"2116 Roan St./Suite 2b, Johnson City, TN, United States",188166096.0,Johnson City,Washington County,Tennessee,37601,47179060401,060401,47,179,2090.0,76698.0
10,10,11,14.0,534449,36.58458235691026,-87.29943281230341,T.J. Maxx,"2700 Wilma Rudolph Blvd, Clarksville, TN, United States",295804323.0,Clarksville,Montgomery County,Tennessee,37040,47125102005,102005,47,125,6193.0,68576.0
11,11,12,596.0,500644,35.107949115248935,-89.8915250758996,T.J. Maxx,"5100 Park Ave, Memphis, TN, United States",303690850.0,Memphis,Shelby County,Tennessee,38117,47157009501,009501,47,157,2959.0,66771.0
12,12,13,215.0,500491,35.13082688723031,-85.24237552562332,T.J. Maxx,"Hixson Pike & Rte 153, Chattanooga, TN, United States",19226332.0,Chattanooga,Hamilton County,Tennessee,37343,47065010432,010432,47,065,6913.0,105523.0
13,13,14,183.0,493384,35.198065654632,-89.79795180856776,T.J. Maxx,"7940 Giacosa Pl, Memphis, TN, United States",303704906.0,Memphis,Shelby County,Tennessee,38133,47157021113,021113,47,157,4325.0,85542.0
14,14,15,288.0,485393,35.98682336676544,-86.55388836808675,T.J. Maxx,"700 Genie Ln, Smyrna, TN, United States",277493557.0,Smyrna,Rutherford County,Tennessee,37089,47149040312,040312,47,149,2269.0,66875.0
15,15,16,766.0,472892,35.09294198352741,-89.80711402950753,T.J. Maxx,"7670 Poplar Ave, Memphis, TN, United States",303695535.0,Germantown,Shelby County,Tennessee,38138,47157021351,021351,47,157,4201.0,120129.0
16,16,17,1034.0,420748,35.59649977226783,-87.05967781457154,T.J. Maxx,"821 S James Campbell Blvd, Columbia, TN, United States",189171576.0,Columbia,Maury County,Tennessee,38402,47119011101,011101,47,119,4959.0,97243.0
17,17,18,1001.0,411169,36.543536729406654,-82.51645859857551,T.J. Maxx,"2003 N Eastman Rd, Ste 60, Kingsport, TN, United States",59302701.0,Kingsport,Sullivan County,Tennessee,37664,47163040800,040800,47,163,3511.0,45259.0
18,18,19,118.0,394611,36.29295579743845,-86.70055790316266,T.J. Maxx,"1627 Gallatin Pike/Road N, Goodlettsville, TN, United States",183406876.0,Nashville-Davidson,Davidson County,Tennessee,37115,47037010401,010401,47,037,4734.0,59091.0
19,19,20,585.0,327611,36.07580319379025,-86.92191319315062,T.J. Maxx,"Nashville, TN, United States",82393086.0,Nashville-Davidson,Davidson County,Tennessee,37221,47037018411,018411,47,037,3440.0,81579.0
20,20,21,,308351,35.15045293682789,-89.91966700408753,T.J. Maxx,"4220 Summer Ave, Memphis, TN, United States",233873397.0,Memphis,Shelby County,Tennessee,38122,47157008700,008700,47,157,5150.0,45160.0
21,21,22,380.0,192587,35.036927974068405,-85.15375197374362,T.J. Maxx,"2200 Hamilton Place Blvd Ste 2, Chattanooga, TN, United States",254145702.0,Chattanooga,Hamilton County,Tennessee,37421,47065011446,011446,47,065,4863.0,73104.0
22,0,1,1091.0,544090,36.33870566462616,-82.37720277917296,HomeGoods,"2011 N Roan St, Johnson City, TN, United States",206625093.0,Johnson City,Washington County,Tennessee,37605,47179060401,060401,47,179,2090.0,76698.0
23,1,2,359.0,501003,35.92631903165309,-84.0494043759522,HomeGoods,"8079 Kingston Pike, Knoxville, TN, United States",148273201.0,Knoxville,Knox County,Tennessee,37923,47093004403,004403,47,093,5261.0,96941.0
24,2,3,1007.0,357527,35.854733287739386,-86.42753615530322,HomeGoods,"484 N Thompson Lane, Murfreesboro, TN, United States",87625392.0,Murfreesboro,Rutherford County,Tennessee,37128,47149040901,040901,47,149,4140.0,62450.0
25,3,4,361.0,344169,36.33443224689516,-86.62290839030568,HomeGoods,"1026 Glenbrook Way, Hendersonville, TN, United States",247753566.0,Hendersonville,Sumner County,Tennessee,37116,47165021002,021002,47,165,7348.0,93472.0
26,4,5,1029.0,340950,36.157570248570906,-85.51927463671773,HomeGoods,"377 W Jackson St, Cookeville, TN, United States",217586414.0,Cookeville,Putnam County,Tennessee,38503,47141000700,000700,47,141,3385.0,47600.0
27,5,6,1078.0,321679,35.8830264410629,-83.57591044133251,HomeGoods,"750 Winfield Dunn Pkwy, Sevierville, TN, United States",338420733.0,Sevierville,Sevier County,Tennessee,37764,47155080601,080601,47,155,4480.0,52750.0
28,6,7,1064.0,320892,35.7397748610527,-86.93965959524674,HomeGoods,"1030 Crossings Boulevard, Spring Hill, TN, United States",237388969.0,Spring Hill,Maury County,Tennessee,37174,47119010203,010203,47,119,3446.0,89476.0
29,7,8,195.0,315205,35.03565483271227,-85.15422285731121,HomeGoods,"2200 Hamilton Place Blvd, Chattanooga, TN, United States",254113377.0,Chattanooga,Hamilton County,Tennessee,37421,47065011446,011446,47,065,4863.0,73104.0
30,8,9,554.0,310435,35.16931871207752,-89.79499020111038,HomeGoods,"1602 Chickering Lane, Memphis, Tennessee, United States",303685614.0,Memphis,Shelby County,Tennessee,38016,47157021126,021126,47,157,4578.0,75893.0
31,9,10,408.0,266647,36.08116861066264,-86.94532999957747,HomeGoods,"8145 Sawyer Brown Rd, Nashville, TN, United States",82063453.0,Nashville-Davidson,Davidson County,Tennessee,37221,47037018412,018412,47,037,4044.0,94813.0
32,10,11,839.0,256948,35.75106729576607,-83.99065565610667,HomeGoods,"730 Watkins Rd, Maryville, TN, United States",330865327.0,Maryville,Blount County,Tennessee,37801,47009010500,010500,47,009,2740.0,44472.0
33,11,12,1093.0,248757,36.011269710949065,-84.25341437004201,HomeGoods,"161 E Main St, Oak Ridge, TN, United States",315680028.0,Oak Ridge,Anderson County,Tennessee,37830,47001020100,020100,47,001,3199.0,53080.0
34,12,13,580.0,240601,35.04903868889097,-89.73581482036035,HomeGoods,"3635 S Houston Levee Rd, Collierville, TN, United States",282483623.0,Collierville,Shelby County,Tennessee,,47157021355,021355,47,157,5376.0,135444.0
35,13,14,1074.0,226016,35.2078618616882,-84.84919388083972,HomeGoods,"300 Paul Huff Parkway, Cleveland, TN, United States",228563417.0,Cleveland,Bradley County,Tennessee,37312,47011010100,010100,47,011,5475.0,63947.0
36,0,1,247.0,667805,35.90036903168139,-84.16504291902645,Marshalls,"11455 Parkside Dr, Knoxville, TN, United States",267060194.0,Farragut,Knox County,Tennessee,37934,47093005803,005803,47,093,3466.0,120661.0
37,1,2,1281.0,603255,36.5942825292104,-82.26120262600902,Marshalls,"454 Pinnacle Pkwy, Bristol, TN, United States",57690946.0,Bristol,Sullivan County,Tennessee,37621,47163042400,042400,47,163,3287.0,70234.0
38,2,3,856.0,561367,36.00560161186436,-84.02129132051944,Marshalls,"Clinton Highway, Knoxville, Tennessee, United States",255295651.0,Knoxville,Knox County,Tennessee,37912,47093004800,004800,47,093,5700.0,56399.0
39,3,4,1262.0,498539,36.06464858914201,-87.38214267825563,Marshalls,"202 Thorton Dr, Dickson, TN, United States",98008626.0,Dickson,Dickson County,Tennessee,37055,47043060602,060602,47,043,6850.0,61151.0
40,4,5,1476.0,482572,35.794758703942115,-83.5579311549374,Marshalls,"3062 Teaster Ln, Pigeon Forge, TN, United States",174271141.0,Pigeon Forge,Sevier County,Tennessee,37863,47155081001,081001,47,155,3248.0,81030.0
41,5,6,477.0,429958,35.6683188534789,-88.86081175742528,Marshalls,"1081 Vann Dr, Ste 108, Jackson, TN, United States",81363259.0,Jackson,Madison County,Tennessee,38305,47113001605,001605,47,113,3297.0,54583.0
42,6,7,592.0,425903,35.06692716589999,-89.75868570528465,Marshalls,"9125 Poplar Ave, Germantown, TN, United States",242305883.0,Germantown,Shelby County,Tennessee,38125,47157021341,021341,47,157,5497.0,163958.0
43,7,8,394.0,404148,35.03060566107802,-85.16038339967201,Marshalls,"2040 Hamilton Place Blvd, Ste 300, Chattanooga, TN, United States",265867514.0,Chattanooga,Hamilton County,Tennessee,37421,47065011446,011446,47,065,4863.0,73104.0
44,8,9,1462.0,380377,36.50635175508762,-87.27211958228274,Marshalls,"2300 Madison St, Clarksville, TN, United States",222336654.0,Clarksville,Montgomery County,Tennessee,37043,47125101805,101805,47,125,3581.0,77465.0
45,9,10,747.0,376821,35.171726397625115,-89.79537507771487,Marshalls,"1697 N Germantown Pkwy, Cordova, TN, United States",12685414.0,Memphis,Shelby County,Tennessee,38016,47157021126,021126,47,157,4578.0,75893.0
46,10,11,395.0,357338,36.18078370652382,-86.63873721142483,Marshalls,"3135 Lebanon Pike, Ste 106, Nashville, TN, United States",17115615.0,Nashville-Davidson,Davidson County,Tennessee,37214,47037015501,015501,47,037,3151.0,74583.0
47,11,12,1487.0,346149,36.05848100190144,-89.3829786358672,Marshalls,"384 US-51, Dyersburg, TN, United States",284646156.0,Dyersburg,Dyer County,Tennessee,38024,47045964200,964200,47,045,5691.0,86003.0
48,12,13,491.0,345718,35.85514927875595,-86.42752801916004,Marshalls,"490 N Thompson Ln, Murfreesboro, TN, United States",87293056.0,Murfreesboro,Rutherford County,Tennessee,37128,47149040901,040901,47,149,4140.0,62450.0
49,13,14,1138.0,340179,35.05252409238459,-89.80833984962607,Marshalls,"Cordova, TN, United States",236954605.0,Memphis,Shelby County,Tennessee,38125,47157021354,021354,47,157,5150.0,79435.0
50,14,15,815.0,319111,35.15531383601533,-85.24579009908648,Marshalls,"5756 TN-153, Hixson, TN, United States",14114168.0,Chattanooga,Hamilton County,Tennessee,37343,47065010431,010431,47,065,7152.0,76285.0
51,15,16,594.0,294725,35.948763302073715,-86.81770210190223,Marshalls,"2000 Mallory Ln # 500, Franklin, TN, United States",47111854.0,Franklin,Williamson County,Tennessee,37607,47187050307,050307,47,187,3854.0,88966.0
52,16,17,150.0,274228,35.20774681951957,-89.89610965082376,Marshalls,"3001 Covington Pike, Memphis, TN, United States",303686263.0,Memphis,Shelby County,Tennessee,38128,47157020541,020541,47,157,5101.0,62095.0
53,17,18,1005.0,256613,36.13668572744742,-86.8902526681805,Marshalls,"6806 Charlotte Pike, Nashville, TN, United States",285263075.0,Nashville-Davidson,Davidson County,Tennessee,37205,47037018201,018201,47,037,3316.0,129861.0
54,18,19,1456.0,247037,36.17549393532774,-82.79590643741294,Marshalls,"1355 Tusculum Blvd, Greeneville, TN, United States",136297239.0,Greeneville,Greene County,Tennessee,37745,47059090300,090300,47,059,5439.0,57656.0
55,19,20,1021.0,241529,36.03737297790781,-83.88738440426968,Marshalls,"New Harvest Lane, Knoxville, Tennessee, United States",108238052.0,Knoxville,Knox County,Tennessee,37918,47093004300,004300,47,093,2939.0,69100.0
56,20,21,1314.0,199711,36.32191680555041,-86.60147019978531,Marshalls,"Hendersonville, Tennessee, United States",282347629.0,Hendersonville,Sumner County,Tennessee,37075,47165021205,021205,47,165,3203.0,111000.0
0,0,1,1101.0,1134979,25.65297847050656,-80.41389258114113,T.J. Maxx,"13580 SW 120th St, Miami, FL, United States",212476222.0,,Miami-Dade County,Florida,33186,12086019402,019402,12,086,5568.0,69224.0
1,1,2,603.0,827305,29.66207850207156,-82.42281801277059,T.J. Maxx,"1009 NW 76th Blvd, Gainesville, FL, United States",193748994.0,,Alachua County,Florida,32607,12001002204,002204,12,001,11001.0,94229.0
2,2,3,330.0,817421,30.49295275037461,-87.22688284501969,T.J. Maxx,"6625 North Davis Highway, Florida, United States",189039533.0,Pensacola,Escambia County,Florida,32504,12033001202,001202,12,033,4079.0,41510.0
3,3,4,1103.0,802937,26.587566082837363,-80.14509672881309,T.J. Maxx,"6330 Lantana Rd, Lake Worth, FL, United States",293989508.0,,Palm Beach County,Florida,33463,12099005917,005917,12,099,4809.0,95652.0
4,4,5,20.0,768982,28.55369116525009,-81.19964537775186,T.J. Maxx,"391 N Alafaya Trl, Orlando, FL, United States",14920346.0,,Orange County,Florida,32828,12095016741,016741,12,095,3109.0,78851.0
5,5,6,98.0,697556,26.15151895337092,-80.32182242819658,T.J. Maxx,"12801 W Sunrise Blvd, Sunrise, FL, United States",116833776.0,Sunrise,Broward County,Florida,33323,12011060120,060120,12,011,6817.0,106345.0
6,6,7,1100.0,673708,28.75430352626703,-81.34597083271356,T.J. Maxx,"3899 W Lake Mary Blvd, Lake Mary, FL, United States",217427134.0,Heathrow,Seminole County,Florida,32746,12117020812,020812,12,117,4900.0,72614.0
7,7,8,746.0,659108,27.10767899614316,-82.43585654875335,T.J. Maxx,"450 Venice Byp N, Venice, FL, United States",239084120.0,Venice,Sarasota County,Florida,34285,12115002305,002305,12,115,1474.0,75795.0
8,8,9,711.0,629904,30.503220989083324,-84.24983703294998,T.J. Maxx,"3425 Thomasville Rd Unit 18, Tallahassee, FL, United States",162771870.0,Tallahassee,Leon County,Florida,32309,12073002410,002410,12,073,6838.0,93693.0
9,9,10,235.0,625093,28.013559714851,-82.7333339687304,T.J. Maxx,"2541 Countryside Blvd Ste 2, Clearwater, FL, United States",161268725.0,Clearwater,Pinellas County,Florida,33761,12103026812,026812,12,103,5044.0,69500.0
10,10,11,424.0,596128,25.745931313532967,-80.33410971780575,T.J. Maxx,"8546 SW 24th St, Miami, FL, United States",77570547.0,Coral Way Village,Miami-Dade County,Florida,33155,12086007709,007709,12,086,3515.0,116739.0
11,11,12,710.0,592478,26.315837367109744,-80.1557367844403,T.J. Maxx,"3812 W Hillsboro Blvd, Deerfield Beach, FL, United States",188727054.0,Deerfield Beach,Broward County,Florida,33442,12011010402,010402,12,011,3470.0,55679.0
12,12,13,593.0,584261,25.86853737844032,-80.292710108702,T.J. Maxx,"499 W 49th St, Hialeah, FL, United States",65691678.0,Hialeah,Miami-Dade County,Florida,33012,12086000718,000718,12,086,4613.0,39233.0
13,13,14,582.0,528605,27.84696052302237,-82.64561699471956,T.J. Maxx,"7701 I Dr ML King St N, Saint Petersburg, FL, United States",150384130.0,Saint Petersburg,Pinellas County,Florida,33702,12103024410,024410,12,103,3762.0,68750.0
14,14,15,1129.0,505569,30.600898835710613,-87.1256989318594,T.J. Maxx,"4731 Highway 90, Pace, FL, United States",62436097.0,,Santa Rosa County,Florida,32571,12113010704,010704,12,113,7023.0,77396.0
15,15,16,47.0,502766,30.427083287480933,-86.64275730990143,T.J. Maxx,"417B Mary Esther Blvd, Fort Walton Beach, FL, United States",41261666.0,Fort Walton Beach,Okaloosa County,Florida,32548,12091021902,021902,12,091,6690.0,71620.0
16,16,17,1305.0,501134,28.09361163550532,-81.97052271103955,T.J. Maxx,"4023 US Highway 98 N, Lakeland, FL, United States",180075553.0,Lakeland,Polk County,Florida,33809,12105012209,012209,12,105,6491.0,64021.0
17,17,18,564.0,488801,30.187504526212603,-85.66889004445476,T.J. Maxx,"523 West 23rd Street, Panama City, FL, United States",64415537.0,Panama City,Bay County,Florida,32405,12005001502,001502,12,005,6034.0,82757.0
18,18,19,1531.0,487096,25.48055461339999,-80.44006875670618,T.J. Maxx,"2605 NE 10 Court, Homestead, FL, United States",65248779.0,Homestead,Miami-Dade County,Florida,33033,12086011003,011003,12,086,4986.0,42021.0
19,19,20,645.0,486906,29.165502500320468,-82.17087219149134,T.J. Maxx,"2701 SW College Rd, Ste 800, Ocala, FL, United States",222940755.0,Ocala,Marion County,Florida,34474,12083001600,001600,12,083,3868.0,41173.0
20,20,21,641.0,483380,27.942188648270083,-82.32392390948705,T.J. Maxx,"2520 W Brandon Blvd, Brandon, FL, United States",66131749.0,Brandon,Hillsborough County,Florida,33511,12057012212,012212,12,057,3426.0,46515.0
21,21,22,84.0,474058,26.207879274105736,-81.7665953519344,T.J. Maxx,"5018 Airport Pulling Rd N, Naples, FL, United States",59046887.0,,Collier County,Florida,34109,12021010432,010432,12,021,3535.0,119375.0
22,22,23,1387.0,471527,26.72314373361728,-80.0903147675781,T.J. Maxx,"I 95, West Palm Beach, Florida, United States",99039889.0,West Palm Beach,Palm Beach County,Florida,33409,12099001802,001802,12,099,3550.0,69118.0
23,23,24,272.0,468333,30.318122524644508,-81.4946718108589,T.J. Maxx,"11824 Atlantic Blvd Ste 100, Jacksonville, FL, United States",88497948.0,Jacksonville,Duval County,Florida,32246,12031014344,014344,12,031,4486.0,108654.0
24,24,25,33.0,462091,26.543228280090556,-81.87297892836007,T.J. Maxx,"7191 Cypress Lake Dr, Fort Myers, FL, United States",71966394.0,Villas,Lee County,Florida,33919,12071001709,001709,12,071,2250.0,85833.0
25,25,26,1410.0,452901,28.002743544582785,-81.71699888534349,T.J. Maxx,"800 Cypress Gardens Blvd, Winter Haven, FL, United States",260308854.0,Winter Haven,Polk County,Florida,33880,12105014005,014005,12,105,3620.0,82028.0
26,26,27,259.0,447977,27.837697858513923,-82.7855861108813,T.J. Maxx,"7191 Seminole Blvd, Seminole, FL, United States",161201771.0,Seminole,Pinellas County,Florida,33778,12103025107,025107,12,103,4054.0,89398.0
27,27,28,1167.0,440521,28.34259835542601,-81.43024952382531,T.J. Maxx,"2551 W Osceola Pkwy, Kissimmee, FL, United States",181527658.0,Kissimmee,Osceola County,Florida,34741,12097042100,042100,12,097,10946.0,44026.0
28,28,29,1037.0,437395,25.94449895374608,-80.16804489470192,T.J. Maxx,"1650 NE Miami Gardens Dr, North Miami Beach, FL, United States",176131830.0,,Miami-Dade County,Florida,33179,12086000222,000222,12,086,4041.0,34641.0
29,29,30,199.0,436561,28.354883552714515,-80.69962880584713,T.J. Maxx,"120 S Courtenay Pkwy, Merritt Island, FL, United States",40605754.0,Merritt Island,Brevard County,Florida,32952,12009071602,071602,12,009,2230.0,68777.0
30,30,31,1066.0,436022,28.85592895234066,-82.38808677041173,T.J. Maxx,"2675 E Gulf To Lake Hwy, Inverness, FL, United States",68589616.0,,Citrus County,Florida,34453,12017450705,450705,12,017,5066.0,62540.0
31,31,32,1445.0,433619,27.9343907003073,-82.50412929941223,T.J. Maxx,"3718 Henderson Blvd, Tampa, FL, United States",332295985.0,Tampa,Hillsborough County,Florida,33609,12057006000,006000,12,057,5631.0,178304.0
32,32,33,755.0,433588,28.98319411736928,-81.29708629839003,T.J. Maxx,"2615 S Woodland Blvd, DeLand, FL, United States",88395490.0,DeLand,Volusia County,Florida,32720,12127090306,090306,12,127,6917.0,85645.0
33,33,34,1547.0,432420,26.0505455589072,-80.15842860144257,T.J. Maxx,"1730 S Bearing St., Dania Beach, FL, United States",70115904.0,,Broward County,Florida,33004,12011080200,080200,12,011,1068.0,59028.0
34,34,35,290.0,426394,28.096571816842022,-82.50415770767509,T.J. Maxx,"15740 N Dale Mabry Hwy, Tampa, FL, United States",66991643.0,Tampa,Hillsborough County,Florida,33618,12057011524,011524,12,057,4910.0,68370.0
35,35,36,1522.0,425778,27.39124879708377,-82.45129698209858,T.J. Maxx,"8219 Cooper Creek Blvd, University Park, FL, United States",59807068.0,,Manatee County,Florida,34201,12081000810,000810,12,081,5389.0,101300.0
36,36,37,1039.0,424396,26.408781602146483,-81.80781382054293,T.J. Maxx,"8014 Mediterranean Dr, Estero, FL, United States",147121272.0,Rapallo at Coconut Point,Lee County,Florida,33928,12071050316,050316,12,071,2332.0,132596.0
37,37,38,1102.0,422295,28.24525552334421,-82.35192239603685,T.J. Maxx,"6035 Wesley Grove Blvd, Wesley Chapel, FL, United States",281251147.0,,Pasco County,Florida,33544,12101032006,032006,12,101,8416.0,78150.0
38,38,39,719.0,420282,27.176344888968917,-80.23343586806352,T.J. Maxx,"2377 SE Federal Hwy, Stuart, FL, United States",23428810.0,Stuart,Martin County,Florida,34994,12085001000,001000,12,085,6405.0,53933.0
39,39,40,829.0,420064,26.67048682711096,-80.20063747421973,T.J. Maxx,"320 S State Rd 7, West Palm Beach, FL, United States",332716417.0,,Palm Beach County,Florida,33411,12099007778,007778,12,099,7816.0,155877.0
40,40,41,37.0,417530,26.00591220721617,-80.29370671824357,T.J. Maxx,"11030 Pines Blvd, Pembroke Pines, FL, United States",152223564.0,Pembroke Pines,Broward County,Florida,33027,12011110337,110337,12,011,7723.0,61962.0
41,41,42,647.0,414246,30.173925638624727,-81.62531710713907,T.J. Maxx,"11111-16 San Jose Blvd, Jacksonville, FL, United States",67575475.0,Jacksonville,Duval County,Florida,32223,12031016808,016808,12,031,4055.0,78333.0
42,42,43,1087.0,412044,27.267050256342987,-80.4261214496463,T.J. Maxx,"10864 SW Village Pkwy, Port Saint Lucie, FL, United States",338497426.0,Port Saint Lucie,Saint Lucie County,Florida,34987,12111382126,382126,12,111,10157.0,80887.0
43,43,44,714.0,407702,27.30044557102311,-82.51561172734758,T.J. Maxx,"3700 S Tuttle Ave, Sarasota, FL, United States",215045141.0,,Sarasota County,Florida,34239,12115000602,000602,12,115,3542.0,91765.0
44,44,45,802.0,407213,28.654022479644517,-81.23824259090966,T.J. Maxx,"1115 Vidina Pl S-185, Oviedo, FL, United States",80623330.0,,Seminole County,Florida,32765,12117021307,021307,12,117,7396.0,125924.0
45,45,46,269.0,404350,26.0944667239701,-80.24687382119708,T.J. Maxx,"2040 S University Dr, Davie, FL, United States",40315165.0,,Broward County,Florida,33388,12011070204,070204,12,011,5983.0,77623.0
46,46,47,1331.0,403661,28.34373060099864,-81.61100860974551,T.J. Maxx,"3219 Rolling Oaks Blvd, Kissimmee, FL, United States",53058947.0,Kissimmee,Osceola County,Florida,34747,12097040805,040805,12,097,1379.0,71220.0
47,47,48,1415.0,398704,24.5689582409493,-81.7646793342151,T.J. Maxx,"3240 N Roosevelt Blvd, Key West, FL, United States",42140355.0,Key West,Monroe County,Florida,33040,12087971900,971900,12,087,6124.0,58661.0
48,48,49,26.0,394250,29.214913333887225,-81.09462894392638,T.J. Maxx,"1115 Cornerstone Blvd S, Daytona Beach, FL, United States",244455623.0,Daytona Beach,Volusia County,Florida,32114,12127082302,082302,12,127,3404.0,39802.0
49,49,50,1029.0,393258,28.14520774157403,-82.74282158477315,T.J. Maxx,"40968 US 19 North, Tarpon Springs, FL, United States",148062605.0,Tarpon Springs,Pinellas County,Florida,34689,12103027404,027404,12,103,7336.0,54096.0
50,50,51,391.0,388285,26.36939616440192,-80.1847625329608,T.J. Maxx,"8903 Glades Rd, Boca Raton, FL, United States",298527723.0,,Palm Beach County,Florida,33434,12099007768,007768,12,099,1582.0,85391.0
51,51,52,1270.0,384661,30.62725795530708,-81.5431829634916,T.J. Maxx,"463899 State Road 200, Yulee, FL, United States",68353181.0,Yulee,Nassau County,Florida,32097,12089050306,050306,12,089,7537.0,65327.0
52,52,53,1313.0,372532,27.0368669364293,-82.21180890811168,T.J. Maxx,"18059 Tamiami Trl, North Port, FL, United States",78763710.0,North Port,Sarasota County,Florida,34287,12115002737,002737,12,115,6256.0,67057.0
53,53,54,1297.0,361127,27.53392358813284,-82.50010029698385,T.J. Maxx,"US-301, Ellenton, FL, United States",45826626.0,,Manatee County,Florida,34222,12081001907,001907,12,081,5142.0,71711.0
54,54,55,377.0,358812,25.931570438195696,-80.13307806112898,T.J. Maxx,"3809 NE 163rd St, North Miami Beach, FL, United States",175737615.0,,Miami-Dade County,Florida,33160,12086000128,000128,12,086,3393.0,75729.0
55,55,56,1443.0,358548,25.84220633605137,-80.36722567384376,T.J. Maxx,"7250 NW 104th Ave, Miami, FL, United States",45406176.0,,Miami-Dade County,Florida,33178,12086009040,009040,12,086,4641.0,80208.0
56,56,57,1380.0,357749,25.77152351576873,-80.35867940209931,T.J. Maxx,"10001 W Flagler St, Miami, FL, United States",63410070.0,Fountainbleau,Miami-Dade County,Florida,33174,12086009029,009029,12,086,4322.0,71250.0
57,57,58,417.0,350150,28.238105019682123,-80.72728212848354,T.J. Maxx,"2314 Remi Dr, Melbourne, FL, United States",76827434.0,Viera,Brevard County,Florida,32940,12009071201,071201,12,009,7360.0,61221.0
58,58,59,155.0,345585,28.466011416211927,-81.45315319405803,T.J. Maxx,"5295 International Dr, Ste 500, Orlando, FL, United States",47641900.0,Orlando,Orange County,Florida,32819,12095017001,017001,12,095,4719.0,49464.0
59,59,60,322.0,344990,26.246075390466924,-80.254739060612,T.J. Maxx,"1200 N University Dr, Coral Springs, FL, United States",316248915.0,Coral Springs,Broward County,Florida,33071,12011020320,020320,12,011,5151.0,81818.0
60,60,61,197.0,342542,26.62472623608411,-81.94223870893836,T.J. Maxx,"1502 Del Prado Blvd S, Cape Coral, FL, United States",339867290.0,Cape Coral,Lee County,Florida,33990,12071010303,010303,12,071,6241.0,65223.0
61,61,62,745.0,339013,27.787770982388796,-82.72691369362896,T.J. Maxx,"2105 66th St N, St. Petersburg, FL, United States",52458868.0,Saint Petersburg,Pinellas County,Florida,33710,12103022501,022501,12,103,5705.0,60203.0
62,62,63,291.0,337427,25.64533931948598,-80.33584156362922,T.J. Maxx,"8765 SW 136th St, Miami, FL, United States",65508978.0,Kendall,Miami-Dade County,Florida,33176,12086008409,008409,12,086,5394.0,113929.0
63,63,64,598.0,335570,30.19218921548946,-81.7429813483075,T.J. Maxx,"6001 Argyle Forest Blvd, Jacksonville, FL, United States",58640856.0,Jacksonville,Duval County,Florida,32244,12031013524,013524,12,031,4038.0,49250.0
64,64,65,289.0,335513,27.998248627694554,-82.56452434960498,T.J. Maxx,"7555 Hillsborough Ave, Tampa, FL, United States",83594672.0,,Hillsborough County,Florida,33634,12057011613,011613,12,057,6072.0,59038.0
65,65,66,1132.0,335203,28.538673771574093,-81.73534443583686,T.J. Maxx,"Steve's Road, Florida, United States",40126720.0,Clermont,Lake County,Florida,34711,12069031315,031315,12,069,6051.0,61270.0
66,66,67,841.0,333353,26.936016263084905,-80.09159423388257,T.J. Maxx,"75 E Indiantown Rd, Jupiter, FL, United States",95750794.0,,Palm Beach County,Florida,33477,12099000301,000301,12,099,3477.0,151771.0
67,67,68,1332.0,333314,27.93010713736801,-82.78911150378593,T.J. Maxx,"1301 Missouri Ave N, Largo, FL, United States",103169491.0,Largo,Pinellas County,Florida,33756,12103025602,025602,12,103,3083.0,49541.0
68,68,69,392.0,330921,26.53119922606013,-80.08904204998935,T.J. Maxx,"388 N Congress Ave, Boynton Beach, FL, United States",332761647.0,Boynton Beach,Palm Beach County,Florida,33426,12099006012,006012,12,099,5179.0,60997.0
69,69,70,1105.0,330474,29.477755663019373,-81.21531260191786,T.J. Maxx,"5260 E Highway 100, Palm Coast, FL, United States",68643201.0,,Flagler County,Florida,32164,12035060213,060213,12,035,7100.0,52792.0
70,70,71,1438.0,320118,26.00974618476743,-80.35720031308932,T.J. Maxx,"NW 3rd Street, Florida, United States",63553972.0,Pembroke Pines,Broward County,Florida,33082,12011110333,110333,12,011,6909.0,106057.0
71,71,72,138.0,318362,27.63854250393716,-80.38230784682872,T.J. Maxx,"405 21st St, Vero Beach, FL, United States",215281021.0,Vero Beach,Indian River County,Florida,32960,12061050401,050401,12,061,3574.0,43953.0
72,72,73,1408.0,317349,28.81919965648341,-81.67658073562102,T.J. Maxx,"16920 US Highway 441, Mount Dora, FL, United States",57514176.0,,Lake County,Florida,32757,12069030915,030915,12,069,8896.0,73352.0
73,73,74,70.0,309767,26.84318940190367,-80.07067753339517,T.J. Maxx,"2430 Pga Blvd, Palm Beach Gardens, FL, United States",338991007.0,North Palm Beach,Palm Beach County,Florida,33408,12099000703,000703,12,099,3510.0,125645.0
74,74,75,1025.0,308812,28.932952689908696,-81.93829386286194,T.J. Maxx,"620 US-441, The Villages, FL, United States",66312946.0,The Villages,Lake County,Florida,32159,12069030408,030408,12,069,3369.0,65545.0
75,75,76,1364.0,302075,26.443022036361576,-80.07223489024886,T.J. Maxx,"1626 S Federal Hwy, Delray Beach, FL, United States",79104116.0,Delray Beach,Palm Beach County,Florida,33483,12099006502,006502,12,099,4216.0,81667.0
76,76,77,283.0,299426,28.6278280976936,-81.31945703562205,T.J. Maxx,"1455 Semoran Blvd, Casselberry, FL, United States",80636688.0,,Seminole County,Florida,32972,12117022201,022201,12,117,5189.0,83901.0
77,77,78,1486.0,296551,28.2334864801435,-82.7308592709775,T.J. Maxx,"5107 US Highway 19, New Port Richey, FL, United States",266813401.0,New Port Richey,Pasco County,Florida,34652,12101030304,030304,12,101,4813.0,55597.0
78,78,79,1123.0,280372,28.515895516310064,-81.37907898815813,T.J. Maxx,"80 W Grant St, Orlando, FL, United States",202867908.0,Orlando,Orange County,Florida,32806,12095018500,018500,12,095,3386.0,59461.0
79,79,80,1506.0,276207,28.346131244669625,-81.48262500058974,T.J. Maxx,"3215  Vineland Rd, Kissimmee, FL, United States",56928432.0,Kissimmee,Osceola County,Florida,34746,12097040904,040904,12,097,5166.0,56902.0
80,80,81,1194.0,271995,28.2641452633882,-82.18649300534885,T.J. Maxx,"7326 Gall Blvd, Zephyrhills, FL, United States",274193056.0,Zephyrhills,Pasco County,Florida,33542,12101032804,032804,12,101,2663.0,51442.0
81,81,82,1530.0,264589,28.65683065338169,-81.42086952834123,T.J. Maxx,"380 N State Road 434, Altamonte Springs, FL, United States",67263968.0,,Seminole County,Florida,32714,12117021707,021707,12,117,6671.0,76930.0
82,82,83,1499.0,264054,28.391395412996104,-81.24781723815933,T.J. Maxx,"11926 Narcoossee Rd, Orlando, FL, United States",88440194.0,Orlando,Orange County,Florida,32832,12095016802,016802,12,095,14513.0,111896.0
83,83,84,1535.0,239397,26.608430873202025,-81.81345361239094,T.J. Maxx,"9370 Ben C Pratt, Fort Myers, FL, United States",87204962.0,Fort Myers,Lee County,Florida,33966,12071001209,001209,12,071,2649.0,63707.0
84,84,85,1373.0,182806,30.260724482821576,-81.62445089902566,T.J. Maxx,"3550 University Blvd W, Jacksonville, FL, United States",88035384.0,Jacksonville,Duval County,Florida,32217,12031016606,016606,12,031,4329.0,42591.0
85,85,86,1340.0,179403,26.097175417484856,-80.12949881582679,T.J. Maxx,"1920  Cordova Rd, Fort Lauderdale, FL, United States",202626102.0,Fort Lauderdale,Broward County,Florida,33316,12011042302,042302,12,011,1237.0,120222.0
86,86,87,791.0,134530,27.433323767296383,-82.57887005965028,T.J. Maxx,"6100 14th St W, Bradenton, FL, United States",166041297.0,,Manatee County,Florida,34207,12081000312,000312,12,081,1791.0,71154.0
87,87,88,1377.0,112783,25.88796774621728,-80.16249003279529,T.J. Maxx,"North Miami, FL, United States",65273307.0,,Miami-Dade County,Florida,33181,12086001204,001204,12,086,5581.0,63313.0
88,0,1,185.0,569734,26.36580292332854,-80.17252744054392,HomeGoods,"8140 Glades Rd, Boca Raton, FL, United States",120717778.0,Boca Raton,Palm Beach County,Florida,33434,12099007741,007741,12,099,4371.0,51961.0
89,1,2,655.0,522058,28.23777962932134,-80.72697221995453,HomeGoods,"2314 Remi Dr, Melbourne, FL, United States",76914213.0,Viera,Brevard County,Florida,32940,12009071201,071201,12,009,7360.0,61221.0
90,2,3,363.0,489856,27.794872770268547,-82.72993463807653,HomeGoods,"2490 66th St N, Saint Petersburg, FL, United States",308814291.0,Saint Petersburg,Pinellas County,Florida,33710,12103022502,022502,12,103,3531.0,76739.0
91,3,4,136.0,485955,26.199372253615405,-81.80254250620354,HomeGoods,"Belair Lane, Naples, Florida, United States",82164866.0,Naples,Collier County,Florida,34103,12021000301,000301,12,021,3567.0,174231.0
92,4,5,322.0,477152,28.01412693342399,-82.73205985133875,HomeGoods,"2567 Countryside Blvd Ste 4, Clearwater, FL, United States",161690945.0,Clearwater,Pinellas County,Florida,33736,12103026812,026812,12,103,5044.0,69500.0
93,5,6,189.0,463562,30.19231756910536,-81.54927783096308,HomeGoods,"9041 Southside Blvd Ste 140, Jacksonville, FL, United States",61696247.0,Jacksonville,Duval County,Florida,32256,12031014413,014413,12,031,5895.0,97969.0
94,6,7,171.0,461838,29.1409315551527,-82.19231590067615,HomeGoods,"4414 Sw College Rd, Ocala, FL, United States",44289517.0,Ocala,Marion County,Florida,34476,12083002505,002505,12,083,6019.0,70783.0
95,7,8,367.0,455531,26.438459459563404,-80.08751430210165,HomeGoods,"1350 Linton Blvd, Delray Beach, FL, United States",79807376.0,Delray Beach,Palm Beach County,Florida,33444,12099006906,006906,12,099,5626.0,90137.0
96,8,9,194.0,453034,26.009519579144573,-80.2976247615174,HomeGoods,"11251 Pines Blvd, Pembroke Pines, FL, United States",152198192.0,Pembroke Pines,Broward County,Florida,33026,12011110309,110309,12,011,7371.0,74750.0
97,9,10,429.0,445372,26.611419347436858,-81.93928048994374,HomeGoods,"2301 Del Prado Blvd S, Cape Coral, FL, United States",175101818.0,Cape Coral,Lee County,Florida,33990,12071010309,010309,12,071,5099.0,84146.0
98,10,11,65.0,436436,30.187529748518283,-85.66929317838463,HomeGoods,"State Avenue, Lynn Haven, Florida, United States",64815859.0,Panama City,Bay County,Florida,32405,12005001502,001502,12,005,6034.0,82757.0
99,11,12,674.0,432976,27.390957593913264,-82.45131560929815,HomeGoods,"I 75, Florida, United States",69253840.0,,Manatee County,Florida,34201,12081000810,000810,12,081,5389.0,101300.0
100,12,13,428.0,428685,26.27045513827229,-80.20480160000717,HomeGoods,"3320 NW 62 Ave, Margate, FL, United States",69626778.0,,Broward County,Florida,33063,12011020205,020205,12,011,6267.0,74147.0
101,13,14,421.0,413292,27.92150533380885,-82.3162245137964,HomeGoods,"1945 W Lumsden Rd, Brandon, FL, United States",43905207.0,Brandon,Hillsborough County,Florida,33511,12057013323,013323,12,057,11257.0,68358.0
102,14,15,129.0,412995,27.177849634000687,-80.23397274334054,HomeGoods,"2339 SE Federal Hwy, Stuart, FL, United States",34187763.0,Stuart,Martin County,Florida,34994,12085001000,001000,12,085,6405.0,53933.0
103,15,16,394.0,396596,28.125170029272493,-82.50067144550917,HomeGoods,"17641 N Dale Mabry Hwy, Lutz, FL, United States",20009298.0,,Hillsborough County,Florida,33548,12057011109,011109,12,057,4278.0,112240.0
104,16,17,319.0,395674,26.8103561174934,-80.1044232214352,HomeGoods,"4405 Northlake Blvd, Palm Beach Gardens, FL, United States",332727170.0,North Palm Beach,Palm Beach County,Florida,33410,12099000903,000903,12,099,5885.0,91382.0
105,17,18,860.0,393463,28.1957530786871,-82.39523617704104,HomeGoods,"25557 Sierra Center Blvd, Lutz, FL, United States",277142637.0,,Pasco County,Florida,33559,12101032012,032012,12,101,3778.0,101579.0
106,18,19,1056.0,374706,27.978786260736783,-81.96002688775252,HomeGoods,"4747 South Florida Avenue, Lakeland, FL, United States",131244651.0,Lakeland,Polk County,Florida,33813,12105011901,011901,12,105,5401.0,46020.0
107,19,20,1003.0,349056,28.645192465388604,-81.26554995217572,HomeGoods,"1425 Tuskawilla Road, Winter Springs, FL, United States",69811232.0,,Seminole County,Florida,32708,12117021318,021318,12,117,8013.0,86235.0
108,20,21,358.0,348545,26.14369780281781,-80.3184675810342,HomeGoods,"12670 W Sunrise Blvd, Sunrise, FL, United States",60487880.0,Sunrise,Broward County,Florida,33323,12011060120,060120,12,011,6817.0,106345.0
109,21,22,687.0,343936,25.981448661319597,-80.35700351401508,HomeGoods,"Miramar Parkway, Florida, United States",15767467.0,Miramar,Broward County,Florida,33027,12011110360,110360,12,011,5977.0,143183.0
110,22,23,820.0,342255,27.00886745640901,-82.13459965843761,HomeGoods,"Tamiami Trail, Murdock, Florida, United States",69918864.0,,Charlotte County,Florida,33954,12015020301,020301,12,015,6071.0,61667.0
111,23,24,202.0,339994,26.04303386634418,-80.15913899863257,HomeGoods,"Oakwood Boulevard, Florida, United States",182497568.0,Hollywood,Broward County,Florida,33020,12011080500,080500,12,011,7927.0,44271.0
112,24,25,174.0,339711,26.54326571992584,-81.87256438559722,HomeGoods,"Lakes Avenue, Florida, United States",71464262.0,Villas,Lee County,Florida,33919,12071001709,001709,12,071,2250.0,85833.0
113,25,26,,339550,26.72503532941417,-80.09046642509004,HomeGoods,"1875 Palm Beach Lakes Boulevard, West Palm Beach, FL, United States",47581668.0,West Palm Beach,Palm Beach County,Florida,33409,12099001802,001802,12,099,3550.0,69118.0
114,26,27,475.0,338604,30.269864324833915,-81.39007952275308,HomeGoods,"2150 3rd St S, Jacksonville Beach, FL, United States",75279797.0,Jacksonville Beach,Duval County,Florida,32250,12031014203,014203,12,031,4766.0,134934.0
115,27,28,556.0,335144,30.512748560178977,-84.24940790691691,HomeGoods,"1400 Village Square Blvd, Tallahassee, FL, United States",160367201.0,Tallahassee,Leon County,Florida,32312,12073002416,002416,12,073,2690.0,141591.0
116,28,29,1032.0,329864,28.22413087741325,-81.6424097810142,HomeGoods,"1191 Posner Blvd, Davenport, FL, United States",77069692.0,,Polk County,Florida,33837,12105012509,012509,12,105,2152.0,86458.0
117,29,30,594.0,324403,26.483503927232395,-81.78857966418302,HomeGoods,"Fort Myers, FL, United States",156138723.0,,Lee County,Florida,33913,12071040138,040138,12,071,3927.0,109375.0
118,30,31,388.0,318395,28.66604186595593,-81.42310081445947,HomeGoods,"965 W State Rd 436, Altamonte Springs, FL, United States",135976729.0,,Seminole County,Florida,32714,12117021606,021606,12,117,6906.0,56250.0
119,31,32,750.0,315668,27.844835954595077,-82.79276146481132,HomeGoods,"7937  113TH ST N, Seminole, FL, United States",281496717.0,Seminole,Pinellas County,Florida,33772,12103025111,025111,12,103,2842.0,70000.0
120,32,33,190.0,315346,27.29740949853751,-82.49483223573239,HomeGoods,"3748B Bee Ridge Rd, Sarasota, FL, United States",98356295.0,,Sarasota County,Florida,34239,12115001702,001702,12,115,5995.0,79107.0
121,33,34,1067.0,312041,28.53574364670509,-82.5073889054952,HomeGoods,"13199 Cortez Boulevard, Brooksville, FL, United States",149310681.0,,Hernando County,Florida,34613,12053040801,040801,12,053,3966.0,51764.0
122,34,35,608.0,308755,30.389465019461447,-86.438535554492,HomeGoods,"Kelly Plantation Drive, Florida, United States",152140209.0,,Okaloosa County,Florida,32541,12091023304,023304,12,091,4284.0,116033.0
123,35,36,504.0,301033,25.80854891890225,-80.19409304927783,HomeGoods,"3401-118 N Miami Ave, Miami, FL, United States",182156753.0,Miami,Miami-Dade County,Florida,33127,12086002600,002600,12,086,7195.0,49258.0
124,36,37,685.0,287583,27.318141211206445,-80.38932410568171,HomeGoods,"Northwest Sun Terrace Circle, Port St. Lucie, Florida, United States",91549346.0,Port Saint Lucie,Saint Lucie County,Florida,34986,12111382122,382122,12,111,6246.0,89366.0
125,37,38,1024.0,283091,28.20429472857913,-82.66904310821393,HomeGoods,"FL 54, Trinity, Florida, United States",278076149.0,,Pasco County,Florida,34655,12101031507,031507,12,101,6334.0,83194.0
126,38,39,1030.0,277716,27.84340964472649,-82.64425415274228,HomeGoods,"7711 Dr. MLK Jr. Street North, St. Petersburg, FL, United States",20040686.0,Saint Petersburg,Pinellas County,Florida,33702,12103024410,024410,12,103,3762.0,68750.0
127,39,40,828.0,257867,28.038926293450128,-80.66529179912354,HomeGoods,"Norfolk Drive, Florida, United States",59387114.0,West Melbourne,Brevard County,Florida,32907,12009071335,071335,12,009,4664.0,71528.0
128,40,41,781.0,255909,30.31818149994333,-81.49375477189001,HomeGoods,"11824 Atlantic Blvd Ste 300, Jacksonville, FL, United States",252116747.0,Jacksonville,Duval County,Florida,32246,12031014344,014344,12,031,4486.0,108654.0
129,41,42,737.0,249352,30.19935293659825,-81.82823340719727,HomeGoods,"9625 Crosshill Blvd, Jacksonville, FL, United States",162051921.0,Jacksonville,Duval County,Florida,32222,12031013723,013723,12,031,9136.0,69517.0
130,42,43,720.0,242747,28.46543124515279,-81.30425886148115,HomeGoods,"6719 Eagle Watch Drive Lee Vista Promemade, Orlando, FL, United States",270413571.0,Orlando,Orange County,Florida,32822,12095013507,013507,12,095,7046.0,42923.0
131,43,44,824.0,240966,30.6269400196277,-81.54215145201178,HomeGoods,"463919 State Rd 200, Yulee, FL, United States",99700041.0,Yulee,Nassau County,Florida,32097,12089050306,050306,12,089,7537.0,65327.0
132,44,45,379.0,225273,28.45118691434112,-81.49093845693729,HomeGoods,"7600 Dr Phillips Blvd Ste 164, Orlando, FL, United States",119230922.0,Orlando,Orange County,Florida,32819,12095014813,014813,12,095,3424.0,85521.0
133,45,46,779.0,224992,28.548907714162446,-81.72528836506046,HomeGoods,"Hunt Trace Boulevard, Florida, United States",181023195.0,Clermont,Lake County,Florida,32711,12069031320,031320,12,069,6020.0,93977.0
134,46,47,664.0,216774,28.49443205762405,-81.43089219480896,HomeGoods,"4664  Millenia Plaza Way, Orlando, FL, United States",68306556.0,Orlando,Orange County,Florida,32839,12095014504,014504,12,095,4978.0,59957.0
135,47,48,833.0,207024,27.46369813611916,-82.63350916814753,HomeGoods,"4294 71st Street West, Bradenton, Florida, United States",98737909.0,,Manatee County,Florida,34210,12081000409,000409,12,081,2827.0,77656.0
136,48,49,576.0,205392,28.131869818555863,-82.3666945712653,HomeGoods,"18061 Highwoods Preserve Pkwy, Tampa, FL, United States",95386362.0,Tampa,Hillsborough County,Florida,33647,12057011013,011013,12,057,4163.0,105192.0
137,49,50,743.0,202822,26.342870785414256,-81.80516735531661,HomeGoods,"27251 Bay Landing Drive, Florida, United States",202633082.0,Bonita Springs,Lee County,Florida,34135,12071050401,050401,12,071,4170.0,65025.0
138,50,51,249.0,164402,26.26183053347569,-80.10120799136544,HomeGoods,"2421 N Federal Hwy, Pompano Beach, FL, United States",42917480.0,Pompano Beach,Broward County,Florida,33064,12011030203,030203,12,011,4739.0,60333.0
139,51,52,482.0,111883,25.642318424738868,-80.33253931068468,HomeGoods,"13619 South Dixie Highway, Miami, FL, United States",95842954.0,,Miami-Dade County,Florida,33158,12086008206,008206,12,086,3804.0,153036.0
140,0,1,425.0,819819,26.683447897972652,-80.22362637545939,Marshalls,"11031 Southern Blvd, Royal Palm Beach, FL, United States",188166132.0,,Palm Beach County,Florida,33411,12099007812,007812,12,099,5318.0,74527.0
141,1,2,1077.0,754601,29.11130473297945,-81.03616412603733,Marshalls,"5505 S Williamson Blvd, Port Orange, FL, United States",70372045.0,,Volusia County,Florida,32128,12127083207,083207,12,127,8489.0,86296.0
142,2,3,1062.0,702859,27.637331721835807,-80.44914495308818,Marshalls,"5915 20th St, Vero Beach, FL, United States",215959159.0,Vero Beach,Indian River County,Florida,32966,12061050704,050704,12,061,3246.0,113354.0
143,3,4,1018.0,650072,28.52103764784048,-81.58389623979195,Marshalls,"3349 Daniels Rd, Winter Garden, FL, United States",88312719.0,Winter Garden,Orange County,Florida,34787,12095017118,017118,12,095,5555.0,96369.0
144,4,5,146.0,622791,25.86463407677154,-80.3160645636411,Marshalls,"1700 W 49th St, Ste 3, Hialeah, FL, United States",67178192.0,Hialeah,Miami-Dade County,Florida,33012,12086000705,000705,12,086,4944.0,32330.0
145,5,6,194.0,599968,29.8686279758477,-81.32534911021467,Marshalls,"1795 US Highway 1 S, Saint Augustine, FL, United States",41108466.0,Saint Augustine,Saint Johns County,Florida,32084,12109021301,021301,12,109,7990.0,60536.0
146,6,7,320.0,562742,25.74786693080633,-80.38838071119088,Marshalls,"11865 SW 26th St, Miami, FL, United States",60148410.0,,Miami-Dade County,Florida,33199,12086014601,014601,12,086,3296.0,23553.0
147,7,8,1278.0,559928,28.342262742396937,-81.41032988466513,Marshalls,"731 Centerview Blvd, Kissimmee, FL, United States",222347746.0,,Osceola County,Florida,34741,12097042201,042201,12,097,7478.0,40858.0
148,8,9,329.0,559641,27.998391650041032,-81.96058114467492,Marshalls,"3615 S Florida Ave, Lakeland, FL, United States",82999730.0,Lakeland,Polk County,Florida,33803,12105010702,010702,12,105,4437.0,56924.0
149,9,10,465.0,555623,28.202429735481378,-82.66406799067546,Marshalls,"2948 Little Rd, Trinity, FL, United States",279142872.0,,Pasco County,Florida,34655,12101031508,031508,12,101,5580.0,91923.0
150,10,11,285.0,552525,28.028532193610605,-82.50300762875091,Marshalls,"3661 W Waters Ave, Tampa, FL, United States",17663512.0,Tampa,Hillsborough County,Florida,33614,12057011908,011908,12,057,2295.0,-666666666.0
151,11,12,486.0,548214,26.149450183788694,-80.32563391481898,Marshalls,"12801 W Sunrise Blvd, Sunrise, FL, United States",116833776.0,Sunrise,Broward County,Florida,33323,12011060120,060120,12,011,6817.0,106345.0
152,12,13,408.0,541376,30.27075292976269,-81.39014639042999,Marshalls,"1800 3Rd St S, Jacksonville Beach, FL, United States",75818181.0,Jacksonville Beach,Duval County,Florida,32250,12031014203,014203,12,031,4766.0,134934.0
153,13,14,1328.0,527287,29.627307286107893,-82.38218873512989,Marshalls,"3965 Plaza Blvd, Ste 40, Gainesville, FL, United States",55354417.0,Gainesville,Alachua County,Florida,32608,12001001522,001522,12,001,6674.0,38063.0
154,14,15,1010.0,502202,28.53635626375625,-82.5062275123568,Marshalls,"7143 Coastal Blvd, Brooksville, FL, United States",336001132.0,,Hernando County,Florida,34613,12053040801,040801,12,053,3966.0,51764.0
155,15,16,372.0,483807,25.686192698638692,-80.4225400878343,Marshalls,"14093 SW 88 St., Miami, FL, United States",175658528.0,Kendall Lakes,Miami-Dade County,Florida,32186,12086017402,017402,12,086,5053.0,61207.0
156,16,17,284.0,482310,27.94261139202948,-82.32225188862238,Marshalls,"2458 W Brandon Blvd, Brandon, FL, United States",175750329.0,Brandon,Hillsborough County,Florida,33510,12057012212,012212,12,057,3426.0,46515.0
157,17,18,651.0,481957,25.931550154669853,-80.12302813494317,Marshalls,"16800 Collins Ave, Sunny Isles Beach, FL, United States",176121139.0,,Miami-Dade County,Florida,33160,12086000140,000140,12,086,3696.0,65732.0
158,18,19,1332.0,473033,28.60393079079657,-81.36809838233395,Marshalls,"501 N Orlando Ave, Winter Park, FL, United States",88201101.0,,Orange County,Florida,32789,12095019000,019000,12,095,3814.0,82614.0
159,19,20,1293.0,466065,28.93027812200001,-82.01828306592225,Marshalls,"Woodbridge Drive, The Villages, Florida, United States",80363837.0,The Villages,Sumter County,Florida,32162,12119911703,911703,12,119,4380.0,66216.0
160,20,21,1269.0,458671,26.96015232792169,-80.08295056819816,Marshalls,"105 N US Highway 1, Tequesta, FL, United States",332737570.0,,Palm Beach County,Florida,33469,12099000102,000102,12,099,2956.0,94083.0
161,21,22,1113.0,454293,30.221296216288568,-85.87014459665882,Marshalls,"15611 Sea Turtle Dr, Panama City Beach, FL, United States",64624823.0,Panama City Beach,Bay County,Florida,32413,12005002703,002703,12,005,2413.0,65278.0
162,22,23,1202.0,453903,27.79620131205228,-82.33245095617656,Marshalls,"13120 US Highway 301 S, Ste 101, Riverview, FL, United States",340137786.0,,Hillsborough County,Florida,33579,12057013915,013915,12,057,9275.0,97060.0
163,23,24,264.0,436709,27.391693719500147,-82.45327833367337,Marshalls,"8467 Cooper Creek Blvd, University Park, FL, United States",52144268.0,,Manatee County,Florida,34201,12081000810,000810,12,081,5389.0,101300.0
164,24,25,464.0,435297,28.175464637891213,-82.35555787690659,Marshalls,"1321 Bruce B Downs Road, Wesley Chapel, FL, United States",281852573.0,Wesley Chapel,Pasco County,Florida,33645,12101032109,032109,12,101,5301.0,96667.0
165,25,26,1019.0,429195,27.498914051205325,-81.48590300447647,Marshalls,"1724 US Highway 27 N, Sebring, FL, United States",58591387.0,,Highlands County,Florida,33872,12055960700,960700,12,055,3766.0,58333.0
166,26,27,805.0,427271,30.44015803289414,-84.25826911586724,Marshalls,"1564 Governor'S Square Blvd, Tallahassee, FL, United States",40763382.0,Tallahassee,Leon County,Florida,32301,12073000903,000903,12,073,2190.0,52443.0
167,27,28,392.0,424338,25.80987874899068,-80.19355365032872,Marshalls,"3401 North Miami Avenue, Miami, Florida, United States",182156753.0,Miami,Miami-Dade County,Florida,33127,12086002600,002600,12,086,7195.0,49258.0
168,28,29,1003.0,423864,26.485815266593452,-81.7894039708851,Marshalls,"10017 Gulf Center Dr, Fort Myers, FL, United States",145398721.0,Timberwalk at Three Oaks,Lee County,Florida,33913,12071040138,040138,12,071,3927.0,109375.0
169,29,30,1042.0,417388,28.05040396233153,-82.69797408957645,Marshalls,"Tampa Road, Florida, United States",290448831.0,Oldsmar,Pinellas County,Florida,34677,12103027326,027326,12,103,3895.0,72950.0
170,30,31,167.0,415341,26.212787029659804,-80.10717035201608,Marshalls,"1401 S Federal Highway, Pompano Beach, FL, United States",316292801.0,Pompano Beach,Broward County,Florida,33062,12011030902,030902,12,011,3498.0,89741.0
171,31,32,816.0,414816,25.48042614427823,-80.46169302716736,Marshalls,"1099 N Homestead Blvd, Homestead, FL, United States",65263727.0,Homestead,Miami-Dade County,Florida,33030,12086011011,011011,12,086,4021.0,55530.0
172,32,33,509.0,406771,30.389446711654724,-86.4391218629848,Marshalls,"4477 Commons Dr W, Destin, FL, United States",152140209.0,,Okaloosa County,Florida,32541,12091023304,023304,12,091,4284.0,116033.0
173,33,34,176.0,406080,26.172615840043203,-81.80103343552794,Marshalls,"2115 Tamiami Trl N, Naples, FL, United States",86240171.0,Naples,Collier County,Florida,34103,12021000302,000302,12,021,1635.0,127750.0
174,34,35,350.0,403317,27.235546866062503,-80.2666191552507,Marshalls,"2475 NW Federal Highway, Jensen Beach, FL, United States",47628474.0,Stuart,Martin County,Florida,34994,12085000400,000400,12,085,7706.0,98077.0
175,35,36,325.0,396312,26.31571518641934,-80.15697515171831,Marshalls,"3852 W Hillsboro Blvd, Deerfield Beach, FL, United States",188727054.0,Deerfield Beach,Broward County,Florida,33442,12011010402,010402,12,011,3470.0,55679.0
176,36,37,653.0,395690,26.843771787553877,-80.07378789784347,Marshalls,"2550 PGA Blvd, Palm Beach Gardens, FL, United States",94225982.0,,Palm Beach County,Florida,33418,12099000803,000803,12,099,3263.0,110560.0
177,37,38,1471.0,394080,29.138787994901964,-82.1927888069012,Marshalls,"4414 SW College Rd S810, Ocala, FL, United States",343417642.0,Ocala,Marion County,Florida,34474,12083002505,002505,12,083,6019.0,70783.0
178,38,39,168.0,393505,26.586420251560053,-81.86958965467426,Marshalls,"4995 S Cleveland Ave, Fort Myers, FL, United States",282105692.0,Fort Myers,Lee County,Florida,33907,12071001300,001300,12,071,3277.0,48823.0
179,39,40,511.0,392484,28.495353723583523,-81.43035434706795,Marshalls,"4648 Millenia Plaza Way, Orlando, FL, United States",67604186.0,Orlando,Orange County,Florida,32839,12095014504,014504,12,095,4978.0,59957.0
180,40,41,745.0,376088,27.014995465938053,-82.14422046783555,Marshalls,"18700 Veterans Blvd, Port Charlotte, FL, United States",299363859.0,,Charlotte County,Florida,33954,12015020301,020301,12,015,6071.0,61667.0
181,41,42,232.0,375449,28.03888338413274,-80.66485967498447,Marshalls,"205 Palm Bay Rd NE, West Melbourne, FL, United States",49745493.0,West Melbourne,Brevard County,Florida,32907,12009071335,071335,12,009,4664.0,71528.0
182,42,43,796.0,374136,26.27086874300833,-81.79847013147715,Marshalls,"Immokalee Road, Vanderbilt Beach, Florida, United States",52212703.0,,Collier County,Florida,34110,12021010205,010205,12,021,2639.0,135278.0
183,43,44,473.0,367379,26.36594880623777,-80.17356409883554,Marshalls,"8180 Glades Rd, Boca Raton, FL, United States",120717778.0,Boca Raton,Palm Beach County,Florida,33434,12099007741,007741,12,099,4371.0,51961.0
184,44,45,541.0,363170,26.043432388212597,-80.15896057652266,Marshalls,"3701 Oakwood Blvd, Hollywood, FL, United States",182497568.0,Hollywood,Broward County,Florida,33020,12011080500,080500,12,011,7927.0,44271.0
185,45,46,340.0,360793,26.52946565485046,-80.09281892530258,Marshalls,"363 N Congress Ave Bay 103, Boynton Beach, FL, United States",287802675.0,Boynton Beach,Palm Beach County,Florida,33436,12099006012,006012,12,099,5179.0,60997.0
186,46,47,1132.0,360382,30.48249025141636,-81.64073559887531,Marshalls,"14964 Max Leggett Pkwy, Ste 200, Jacksonville, FL, United States",225092773.0,Jacksonville,Duval County,Florida,32218,12031010301,010301,12,031,6359.0,67500.0
187,47,48,1169.0,358726,26.288179592852,-80.2492914759095,Marshalls,"Wiles Road, Florida, United States",49551477.0,Coral Springs,Broward County,Florida,33065,12011010604,010604,12,011,4312.0,105625.0
188,48,49,1059.0,358512,28.67530246605955,-81.47107509589678,Marshalls,"2175 E Semoran Blvd, Apopka, FL, United States",87950788.0,,Orange County,Florida,32703,12095017807,017807,12,095,4113.0,60640.0
189,49,50,1428.0,356655,28.39222914661357,-81.4844547293777,Marshalls,"Lake Street, Florida, United States",80299047.0,,Orange County,Florida,32821,12095017022,017022,12,095,7813.0,47054.0
190,50,51,1463.0,356560,28.223989649036987,-81.64276717536,Marshalls,"357 Royals Way, Florida, United States",76596402.0,,Polk County,Florida,33837,12105012509,012509,12,105,2152.0,86458.0
191,51,52,108.0,350911,27.26052384226527,-82.51795606849845,Marshalls,"6589 South Tamiami Trail, Sarasota, FL, United States",320796893.0,,Sarasota County,Florida,34231,12115002003,002003,12,115,5376.0,75745.0
192,52,53,813.0,341760,30.175709080563102,-81.62667291883292,Marshalls,"10991-2 San Jose Ap, Jacksonville, Florida, United States",67029920.0,Jacksonville,Duval County,Florida,32223,12031016808,016808,12,031,4055.0,78333.0
193,53,54,1198.0,339297,28.47550605842437,-81.28715208901487,Marshalls,"Market Place Drive, Orlando, Florida, United States",80711415.0,Orlando,Orange County,Florida,32822,12095013507,013507,12,095,7046.0,42923.0
194,54,55,145.0,335509,25.620663716852864,-80.34234868183107,Marshalls,"16051 S Dixie Hwy, Ste B, Miami, FL, United States",96218049.0,,Miami-Dade County,Florida,33157,12086008208,008208,12,086,4679.0,76497.0
195,55,56,1020.0,335028,28.55145090659402,-80.842909991994,Marshalls,"Windover Trls, Titusville, Florida, United States",341222565.0,Titusville,Brevard County,Florida,32780,12009061202,061202,12,009,3313.0,98113.0
196,56,57,196.0,332075,26.44065508315614,-80.07277198469549,Marshalls,"1700 S Federal Hwy, Delray Beach, FL, United States",78913323.0,Delray Beach,Palm Beach County,Florida,33483,12099006502,006502,12,099,4216.0,81667.0
197,57,58,388.0,331600,27.90785906002132,-82.50472480729879,Marshalls,"3802B S Dale Mabry Hwy, Tampa, FL, United States",89133164.0,Tampa,Hillsborough County,Florida,33608,12057006700,006700,12,057,6114.0,206582.0
198,58,59,1258.0,330807,27.988325050985445,-82.12494780470925,Marshalls,"237 W Alexander St, Plant City, FL, United States",48494433.0,,Hillsborough County,Florida,33566,12057013003,013003,12,057,3474.0,57877.0
199,59,60,207.0,323604,25.98142857511519,-80.35797757097063,Marshalls,"3021 SW 160th Ave, Miramar, FL, United States",16046612.0,Miramar,Broward County,Florida,33027,12011110360,110360,12,011,5977.0,143183.0
200,60,61,153.0,320817,28.79847526981052,-81.33413450278749,Marshalls,"1551 WP Ball Blvd, Sanford, FL, United States",118260914.0,,Seminole County,Florida,32747,12117020601,020601,12,117,8788.0,63246.0
201,61,62,867.0,315075,27.966262491159977,-82.72824974323161,Marshalls,"21323 US Highway 19 N, Clearwater, FL, United States",16152437.0,Clearwater,Pinellas County,Florida,33765,12103026819,026819,12,103,2700.0,60625.0
202,62,63,399.0,309341,26.012746017148224,-80.2515352575497,Marshalls,"500 N University Dr, Pembroke Pines, FL, United States",55531643.0,Pembroke Pines,Broward County,Florida,33024,12011110312,110312,12,011,7192.0,56528.0
203,63,64,1181.0,305582,27.463651969214,-82.63403532883108,Marshalls,"7224 Cortez Rd W, Bradenton, FL, United States",98737909.0,,Manatee County,Florida,34210,12081000409,000409,12,081,2827.0,77656.0
204,64,65,398.0,302981,26.61602860276462,-80.14417632717465,Marshalls,"6452 Lake Worth Rd, Greenacres, FL, United States",332780273.0,,Palm Beach County,Florida,33463,12099004819,004819,12,099,4512.0,42516.0
205,65,66,67.0,287427,28.66364033992433,-81.38252102665686,Marshalls,"293 E Altamonte Dr, Altamonte Springs, FL, United States",89038963.0,,Seminole County,Florida,32701,12117021901,021901,12,117,5180.0,76831.0
206,66,67,1364.0,285714,28.26592455954907,-81.3308053047,Marshalls,"1456 Simmons Road, Florida, United States",59303630.0,,Osceola County,Florida,34744,12097042904,042904,12,097,6715.0,57264.0
207,67,68,1197.0,283748,25.831420295376542,-80.25975733975994,Marshalls,"901 E 10th Ave, Hialeah, FL, United States",188175046.0,Hialeah,Miami-Dade County,Florida,33010,12086000805,000805,12,086,5944.0,48375.0
208,68,69,252.0,279016,27.83623060931891,-82.68780706069248,Marshalls,"70th Avenue North, Florida, United States",16053439.0,Pinellas Park,Pinellas County,Florida,33781,12103024908,024908,12,103,3366.0,83232.0
209,69,70,1192.0,277451,30.482037722275905,-87.20826444923308,Marshalls,"1650 Airport Blvd, Pensacola, FL, United States",150946065.0,Pensacola,Escambia County,Florida,32504,12033001201,001201,12,033,4899.0,73670.0
210,70,71,1135.0,268583,30.311054050859656,-81.73429752391596,Marshalls,"918 Garth Avenue, Jacksonville, Florida, United States",74145471.0,Jacksonville,Duval County,Florida,32205,12031012100,012100,12,031,1858.0,28378.0
211,71,72,1256.0,268041,28.190819108054026,-82.4572261680931,Marshalls,"21705 Village Lks, Land O' Lakes, FL, United States",285725004.0,,Pasco County,Florida,34639,12101032013,032013,12,101,6150.0,90347.0
212,72,73,866.0,266804,26.23680797456528,-80.20107708125487,Marshalls,"5461 W Atlantic Blvd, Margate, FL, United States",316236457.0,,Broward County,Florida,33063,12011020103,020103,12,011,5146.0,47447.0
213,73,74,228.0,264460,29.26168686697716,-81.02659534697581,Marshalls,"2461 N Atlantic Ave, Daytona Beach, FL, United States",87559206.0,Daytona Beach,Volusia County,Florida,32118,12127081101,081101,12,127,2622.0,52083.0
214,74,75,1315.0,242889,26.060152910805748,-81.69784683214608,Marshalls,"13100 Tamiami Trl E, Naples, FL, United States",59420319.0,,Collier County,Florida,34113,12021011103,011103,12,021,2384.0,45393.0
215,75,76,124.0,242170,28.332562311920224,-81.4738129653223,Marshalls,"4795 W Irlo Bronson Memorial Hwy, Kissimmee, FL, United States",39650019.0,,Osceola County,Florida,34742,12097040904,040904,12,097,5166.0,56902.0
216,76,77,678.0,236513,28.54893327493386,-81.3496101866873,Marshalls,"2642 E Colonial Dr, Orlando, FL, United States",87962624.0,Orlando,Orange County,Florida,32803,12095018400,018400,12,095,2723.0,61250.0
217,77,78,419.0,235265,28.55435065525328,-81.47929417796716,Marshalls,"7323 W Colonial Dr, Orlando, FL, United States",298370207.0,,Orange County,Florida,32818,12095014904,014904,12,095,7221.0,36269.0
218,78,79,1386.0,233046,25.938402038350755,-80.24734970491392,Marshalls,"17966 NW 27th Ave, Miami Gardens, FL, United States",234852649.0,,Miami-Dade County,Florida,33056,12086009401,009401,12,086,2267.0,64872.0
219,79,80,1163.0,223103,26.188347687081105,-80.20689325768681,Marshalls,"4197 W Commercial Blvd, Tamarac, FL, United States",182012430.0,,Broward County,Florida,33309,12011050309,050309,12,011,2669.0,30327.0
220,80,81,,211309,30.1484009333115,-81.75340134912149,Marshalls,"661 Blanding Blvd Ste 401, Orange Park, FL, United States",2670916.0,,Clay County,Florida,32065,12019030802,030802,12,019,6709.0,80667.0
221,81,82,211.0,201749,27.78893025402281,-82.7301740271763,Marshalls,"2036 66th St N, Saint Petersburg, FL, United States",74072584.0,Saint Petersburg,Pinellas County,Florida,33764,12103022501,022501,12,103,5705.0,60203.0
222,82,83,1455.0,188704,26.119161230891624,-80.17708116087194,Marshalls,"2660 W Broward Blvd, Fort Lauderdale, FL, United States",93177726.0,Fort Lauderdale,Broward County,Florida,33312,12011042802,042802,12,011,2275.0,34765.0
223,83,84,356.0,175715,25.77398513862344,-80.32171356899141,Marshalls,"marshall/homegoods, Miami, FL, United States",173346844.0,,Miami-Dade County,Florida,33144,12086009014,009014,12,086,4248.0,73878.0
224,84,85,1495.0,150855,28.653649725146465,-81.20987674908879,Marshalls,"1121 Alafaya Trail, Oviedo, FL, United States",40052570.0,Oviedo,Seminole County,Florida,32765,12117021314,021314,12,117,4131.0,87819.0
225,85,86,1396.0,127309,27.074939505153107,-82.4233735816077,Marshalls,"1679 US 41 Bypass South, Venice, FL, United States",320803931.0,,Sarasota County,Florida,34293,12115002505,002505,12,115,2290.0,67898.0
226,86,87,333.0,114594,27.891630105193794,-82.78264182778709,Marshalls,"10500 Ulmerton Rd, Largo, FL, United States",17643277.0,Largo,Pinellas County,Florida,33773,12103025311,025311,12,103,3621.0,61809.0
